,id,query,generated_answer,expected_answer,expected_products,expected_evidence_facts,latency_ms,label
0,200,"If I want adhasives weaker than LOCTITE 401 , what is the product recommendation?",,"LOCTITE 243 is a medium strength threadlocking adhesive that seals and secures metal nuts and bolts to prevent loosening due to shock and vibration. It is designed for the locking and sealing of threadedfasteners which require normal disassembly with standard handtools. The product cures when confined in the absence of airbetween close fitting metal surfaces. LOCTITE 243 works on all metals, including passive substrates such as stainless steel, aluminium and plated surfaces. It is proven to be tolerant of minor contamination due to industrial oils.",,,,0
1,201,Loctite 401 suits for what scenairo?,"LOCTITE 401 is suitable for scenarios that require the assembly of difficult-to-bond materials with a need for uniform stress distribution and strong tension and/or shear strength. It provides rapid bonding for a wide range of materials, including metals, plastics, and elastomers. Additionally, it is well-suited for bonding porous materials such as wood, paper, leather, and fabric. It is ideal for applications where a low-viscosity adhesive is needed and where humidity can aid in the curing process.","LOCTITE 401 is suited for the assembly of difficult-to-bond materials that require uniform stress distribution and strong tension and/or shear strength. It provides rapid bonding of a wide range of materials, including metals, plastics, and elastomers, and is also suitable for bonding porous materials such as wood, paper, leather, and fabric.",,,,1
2,202,Can you recommend medium strength threadlocking adhesive bestseller?,,LOCTITE 243.,,,,0
3,203,Loctite 567 suits for what scenairo?,"LOCTITE 567 is suitable for scenarios involving the locking and sealing of metal tapered threads and fittings. It is designed for industrial applications across various sectors, including chemical processing, petroleum refining, pulp and paper, waste treatment, textiles, utilities/power generation, marine, automotive, industrial equipment, and gas compression and distribution industries. It is also recommended for industrial plant fluid power systems. Additionally, LOCTITE 567 is certified for use in commercial and residential potable water systems and is approved for use with hydrogen systems. It is important to note that it is not recommended for use on plastics, particularly thermoplastic materials, due to the risk of stress cracking.","LOCTITE® 567™ is designed for the locking and sealing of metal
tapered threads and fittings. The product cures when confined in the
absence of air between close fitting metal surfaces and prevents
loosening and leakage from shock and vibration. LOCTITE® 567™
provides robust curing performance. The high lubricating properties
of this compound prevent galling on stainless steel, aluminum and
all other metal pipe threads and fittings. It not only works on active
metals (e.g. brass, copper) but also on passive substrates such as
stainless steel and plated surfaces. The product offers high
temperature performance and oil tolerance. It tolerates minor
surface contaminations from various oils, such as cutting,
lubrication, anti-corrosion and protection fluids. LOCTITE® 567™ is
recommended for industrial applications in the chemical processing,
petroleum refining, pulp/paper, waste treatment, textile,
utilities/power generation, marine, automotive, industrial equipment,
gas compression and distribution industries. It is also recommended
for industrial plant fluid power systems.",,,,1
4,204,What is Permatex Surface Insensitive Threadlocker Blue?,,,,,,0
5,205,What is OSiS Dust?,,,,,,0
6,3,What is LOCTITE 248 used for?,LOCTITE 248 is used for threadlocking.,,248,medium strength; stick applicator; wax-like semi-solid,817.9,0
7,4,What is LOCTITE 262 used for?,LOCTITE 262 is used for the permanent locking and sealing of threaded fasteners. It is designed to prevent loosening and,,262,medium to high strength; permanent locking; large bolts and studs up to M25,819.4,0
8,5,What is LOCTITE 263 used for?,LOCTITE 263 is used for the permanent locking and sealing of threaded fasteners. It is particularly suited for heavy-dut,,263,high strength; permanent locking; heavy duty applications,819.2,1
9,6,What is LOCTITE 268 used for?,LOCTITE 268 is used for threadlocking.,,268,high strength; stick applicator; wax-like semi-solid,861.4,0
10,7,What is LOCTITE 277 used for?,LOCTITE 277 is used for the permanent locking and sealing of threaded fasteners. It is designed to prevent loosening and,,277,high strength; large bolts and studs M25 and larger; permanent locking,1390.2,0
11,8,What is LOCTITE 380 used for?,LOCTITE 380 is used for bonding applications. It is a rubber toughened adhesive with increased flexibility and peel stre,,380,rubber toughened; increased flexibility; enhanced shock resistance,1331.3,0
12,12,What is LOCTITE 404 used for?,LOCTITE 404 is used for bonding plastics and elastomeric materials where very fast fixturing is required.,,404,plastics and rubbers; very fast fixturing; low viscosity,716.4,1
13,13,What is LOCTITE 406 used for?,LOCTITE 406 is used for bonding plastics and elastomeric materials where very fast fixturing is required.,,406,plastics and elastomeric materials; very fast fixturing; low viscosity,717.1,1
14,14,What is LOCTITE 410 used for?,LOCTITE 410 is used for bonding applications. It is a rubber-toughened adhesive with increased flexibility and peel stre,,410,rubber toughened; increased flexibility and peel strength; enhanced resistance to shock,1477.7,0
15,15,What is LOCTITE 415 used for?,"LOCTITE 415 is used as a general purpose adhesive, particularly suited for bonding metal substrates. It is also effectiv",,415,general purpose adhesive; particularly suited to bonding metal substrates; high viscosity,773.7,1
16,16,What is LOCTITE 416 used for?,LOCTITE 416 is used for bonding applications. It is a general-purpose cyanoacrylate instant adhesive suitable for key su,,416,general purpose instant adhesive; plastics rubbers and metals; high viscosity,1315.2,0
17,17,What is LOCTITE 426 used for?,LOCTITE 426 is used for bonding applications. It is an adhesive gel toughened with elastomers for impact and peel streng,,426,adhesive gel; toughened with elastomers; impact and peel strength,939.7,1
18,19,What is LOCTITE 444 used for?,"LOCTITE 444 is used for bonding applications, specifically designed for electronics applications. Typical uses include w",,444,electronics applications; wire tacking to coil forms; TAK PAK accelerators,1127.4,0
19,22,What is LOCTITE 567 used for?,LOCTITE 567 is used for the locking and sealing of metal tapered threads and fittings.,,567,thread sealing; metal tapered threads and fittings; high lubricating properties,716.0,1
20,23,What is LOCTITE 620 used for?,"LOCTITE 620 is used for the bonding of cylindrical fitting parts, particularly where bond gaps can approach 0.2 mm and w",,620,retaining; cylindrical fitting parts; bond gaps up to 0.2 mm,1127.5,1
21,24,What is LOCTITE 680 used for?,"LOCTITE 680 is designed for the bonding of cylindrical fitting parts, particularly where low viscosity is required.",,680,retaining; cylindrical fitting parts; low viscosity required,1227.4,1
22,25,What is LOCTITE AA 326 used for?,LOCTITE AA 326 is used as a general purpose structural adhesive for bonding applications. It is known for fast cure and ,,AA 326,structural adhesive; fast cure and high shear strength; bonding ferrites to plated materials,921.4,0
23,26,What is LOCTITE AA 332 used for?,LOCTITE® AA 332™ is designed primarily for securing permanent magnets in motor magnet bonding applications.,,AA 332,motor magnet bonding; permanent magnets; tough durable bonds,820.2,1
24,27,What is LOCTITE AA 352 used for?,"LOCTITE AA 352 is used to bond, seal, or coat metal and glass components in industrial applications. Typical uses includ",,AA 352,UV light cure; bonding coating or sealing; metal and glass components,817.5,0
25,28,What is LOCTITE AA 3494 used for?,"LOCTITE AA 3494 is used for bonding, potting, or sealing applications.",,AA 3494,UV visible light cure; bonding potting or sealing; glass bonding,1022.9,0
26,29,Which Loctite product is low strength and easy to disassemble?,LOCTITE® 222MS™ is the low strength product designed for easy disassembly.,,222MS,low strength; easy disassembly with standard hand tools; threadlocking,818.9,1
27,30,Which Loctite products are medium-strength threadlockers?,"The medium-strength threadlockers are LOCTITE® 242®, LOCTITE® 243™, and LOCTITE® 248™.",,242; 243; 248,medium strength; normal disassembly with hand tools; threadlocking; oil tolerance; works on passive substrates; stick applicator; wax-like semi-solid,820.3,1
28,31,Which Loctite products are high-strength threadlockers?,The context does not provide information about which Loctite products are high-strength threadlockers.,,263; 268; 277,high strength; permanent locking; heavy duty applications; stick applicator; wax-like semi-solid; large bolts and studs M25 and larger,820.0,0
29,32,Which Loctite is suitable for permanent locking of large bolts and studs?,LOCTITE® 277 is suitable for the permanent locking and sealing of large bolts and studs (M25 and larger).,,262; 277,medium to high strength; permanent locking; large bolts and studs up to M25; high strength; large bolts and studs M25 and larger,1122.8,0
30,33,Which Loctite threadlocker works on passive substrates and tolerates minor oil contamination?,LOCTITE-243 works on passive substrates and tolerates minor oil contamination.,,243; 263,medium strength; oil tolerance; works on passive substrates; high strength; permanent locking; heavy duty applications,821.2,0
31,34,Which Loctite product is supplied as a stick instead of a liquid threadlocker?,LOCTITE® 248™ and LOCTITE® 268 are both supplied as a stick instead of a liquid threadlocker.,,248; 268,medium strength; stick applicator; wax-like semi-solid; high strength,715.3,1
32,35,Which Loctite product should be used for sealing metal tapered pipe threads?,LOCTITE® 567™ should be used for sealing metal tapered pipe threads.,,567,thread sealing; metal tapered threads and fittings; high lubricating properties,615.7,1
33,36,Which product helps prevent galling on stainless steel or aluminum pipe threads?,LOCTITE-567 helps prevent galling on stainless steel or aluminum pipe threads.,,567,thread sealing; metal tapered threads and fittings; high lubricating properties,715.9,1
34,37,Which Loctite products are retaining compounds for cylindrical parts?,The Loctite products that are retaining compounds for cylindrical parts are LOCTITE-680 and LOCTITE-620.,,620; 680,retaining; cylindrical fitting parts; bond gaps up to 0.2 mm; low viscosity required,715.6,1
35,38,Which retaining compound is suited for higher temperature assemblies such as bearings?,LOCTITE-620 is suited for higher temperature assemblies such as bearings.,,620,retaining; cylindrical fitting parts; bond gaps up to 0.2 mm,614.0,1
36,39,Which retaining compound is high strength and useful when low viscosity is required?,LOCTITE® 680™ is the retaining compound that is high strength and useful when low viscosity is required.,,680,retaining; cylindrical fitting parts; low viscosity required,920.5,1
37,40,Which Loctite adhesives are rubber toughened for shock resistance?,"The Loctite adhesives that are rubber toughened for shock resistance are LOCTITE 410, LOCTITE 435, and LOCTITE 380.",,380; 410; 435,rubber toughened; increased flexibility; enhanced shock resistance; increased flexibility and peel strength; enhanced resistance to shock,1024.1,1
38,41,Which instant adhesive has gel consistency and prevents flow on vertical surfaces?,LOCTITE-454 and LOCTITE-4541 both have a gel consistency that prevents adhesive flow on vertical surfaces.,,454; 4541,gel consistency; prevents adhesive flow on vertical surfaces; difficult-to-bond materials; porous or absorbent materials; wood paper leather and fabric,1025.8,1
39,42,Which instant adhesive is formulated for electronics wire tacking?,LOCTITE® 444™ is formulated for electronics wire tacking.,,444,electronics applications; wire tacking to coil forms; TAK PAK accelerators,816.5,1
40,43,Which Loctite instant adhesive is low odor and low blooming?,LOCTITE® 403™ is the instant adhesive that is low odor and low blooming.,,403,low odor; low blooming; high viscosity,1024.0,1
41,45,Which Loctite instant adhesive is particularly suited for bonding metal substrates?,LOCTITE® 415™ is particularly suited for bonding metal substrates.,,415,general purpose adhesive; particularly suited to bonding metal substrates; high viscosity,923.7,1
42,46,Which Loctite product is a gel toughened with elastomers for impact and peel strength?,LOCTITE® 426 is the product that is a gel toughened with elastomers for impact and peel strength.,,426,adhesive gel; toughened with elastomers; impact and peel strength,922.2,1
43,49,Which Loctite product is for structural bonding of ferrites in electric motors?,LOCTITE® AA 326 is used for structural bonding of ferrites in electric motors.,,AA 326,structural adhesive; fast cure and high shear strength; bonding ferrites to plated materials,609.1,1
44,50,Which Loctite adhesive is designed for securing permanent magnets in motor magnet bonding?,LOCTITE® AA 332™ is designed for securing permanent magnets in motor magnet bonding applications.,,AA 332,motor magnet bonding; permanent magnets; tough durable bonds,948.0,1
45,52,Which Loctite product is designed for glass bonding or automotive lighting components?,LOCTITE-AA-3494 is designed for glass bonding or automotive lighting components.,,AA 3494,UV visible light cure; bonding potting or sealing; glass bonding,819.3,0
46,53,Which products cure by humidity rather than anaerobic cure?,The context does not provide information about any products that cure by humidity.,,401; 402; 403; 404; 406; 410; 415; 416; 426; 435; 444; 454; 4541,rapid bonding; metals plastics and elastomers; porous materials such as wood paper leather fabric; fast fixture time; good thermal performance; high humidity resistance; low odor; low blooming; high viscosity; plastics and rubbers; very fast fixturing; low viscosity; plastics and elastomeric materials; rubber toughened; increased flexibility and peel strength; enhanced resistance to shock; general purpose adhesive; particularly suited to bonding metal substrates; general purpose instant adhesive; plastics rubbers and metals; adhesive gel; toughened with elastomers; impact and peel strength; enhanced shock resistance; electronics applications; wire tacking to coil forms; TAK PAK accelerators; gel consistency; prevents adhesive flow on vertical surfaces; difficult-to-bond materials; porous or absorbent materials; wood paper leather and fabric,717.8,0
47,55,Which Loctite products are UV or visible-light curing?,"The Loctite products that are UV or visible-light curing are:

1. LOCTITE® AA 3494™
2. LOCTITE® AA 3926™
3. LOCTITE® AA ",,AA 352; AA 3494,UV light cure; bonding coating or sealing; metal and glass components; UV visible light cure; bonding potting or sealing; glass bonding,865.3,1
48,62,"What product is for pipe fitting seal, not surface bonding?","The product for pipe fitting seal, not surface bonding, is LOCTITE-567.",,567,thread sealing; metal tapered threads and fittings; high lubricating properties,615.1,1
49,66,I need to secure magnets in a motor. Which adhesive?,LOCTITE® AA 332™ is designed primarily for securing permanent magnets in motor magnet bonding applications.,,AA 332,motor magnet bonding; permanent magnets; tough durable bonds,614.7,1
50,67,Find a UV-curing adhesive for glass sealing.,LOCTITE® AA 3494™ is a UV-curing adhesive suitable for glass sealing. It cures upon exposure to ultraviolet radiation an,,AA 3494,UV visible light cure; bonding potting or sealing; glass bonding,1126.0,1
51,68,Which product is a one-part structural adhesive with fast cure and high shear strength?,LOCTITE® AA 326 is a one-part structural adhesive with fast cure and high shear strength.,,AA 326,structural adhesive; fast cure and high shear strength; bonding ferrites to plated materials,713.5,1
52,69,What is LOCTITE 9999 used for?,"**LOCTITE 9999** could not be found in the product documentation or the database. Please verify the product name, or con",,,,0.2,1
53,70,Which Loctite is FDA approved for human implantation?,The context provided does not contain information about any Loctite product being FDA approved for human implantation.,,,,820.0,1
54,71,Which Loctite is certified for quantum chip bonding?,The context does not provide information about any Loctite product being certified for quantum chip bonding.,,,,614.2,1
55,72,What is the exact sales revenue of LOCTITE 243 from the datasheet?,The exact sales revenue of LOCTITE 243 is not provided in the context.,,,,1945.5,1
56,73,Which Loctite adhesive has a tensile strength of 999 N/mm²?,The context does not provide information about a Loctite adhesive with a tensile strength of 999 N/mm².,,,,921.4,1
57,74,Which product is best for drinking-water systems at 200°C?,The context does not provide information about the suitability of any product for drinking-water systems at 200°C.,,,,921.0,1
58,75,Does LOCTITE 401 cure anaerobically?,"No, LOCTITE 401 does not cure anaerobically. It cures with humidity.",,,,614.9,1
59,76,Is LOCTITE 567 a cyanoacrylate instant bonding adhesive?,*Note: parts of this answer could not be directly verified against the retrieved documentation. Please cross-check impor,,,,819.0,0
60,77,Which Loctite product is approved for pure oxygen systems?,None of the Loctite products mentioned in the context are recommended for use in pure oxygen and/or oxygen rich systems.,,,,818.1,1
61,78,Can LOCTITE 620 be used as a plastic adhesive for thermoplastic stress cracking?,*Note: parts of this answer could not be directly verified against the retrieved documentation. Please cross-check impor,,,,699.5,0
62,79,Which product has zero cure time on all substrates?,The context does not provide information about a product with zero cure time on all substrates.,,,,734.5,1
63,81,Which Loctite is a food-contact adhesive for edible products?,The context does not provide information about a Loctite product that is a food-contact adhesive for edible products.,,,,818.3,1
64,82,Can LOCTITE AA 3494 cure without UV or visible light under all conditions?,"No, LOCTITE AA 3494 cannot cure without UV or visible light. It requires exposure to ultraviolet and/or visible light of",,,,817.1,1
65,84,What is the breakaway torque for LOCTITE 243 on M10 black oxide bolts and mild steel nuts?,The breakaway torque for LOCTITE 243 on M10 black oxide bolts and mild steel nuts is not provided in the context.,,243,medium strength; oil tolerance; works on passive substrates,819.2,0
66,85,What is the breakaway torque for LOCTITE 263 on M10 steel nuts and bolts?,The breakaway torque for LOCTITE 263 on M10 steel nuts and bolts is 33 N·m (290 lb·in).,,263,high strength; permanent locking; heavy duty applications,716.0,1
67,86,What is the viscosity range for LOCTITE 277 at 25°C?,The context does not provide the specific viscosity range for LOCTITE 277 at 25°C.,,277,high strength; large bolts and studs M25 and larger; permanent locking,818.8,0
68,87,What is the fixture time for LOCTITE 401 on steel?,The fixture time for LOCTITE 401 on steel is less than 5 seconds.,,401,rapid bonding; metals plastics and elastomers; porous materials such as wood paper leather fabric,1024.2,1
69,88,What is the fixture time for LOCTITE 402 on stainless steel?,The fixture time for LOCTITE 402 on stainless steel is not provided in the context.,,402,fast fixture time; good thermal performance; high humidity resistance,716.3,0
70,89,What is the lap shear strength of LOCTITE 435 on steel?,The context does not provide information about the lap shear strength of LOCTITE 435 on steel.,,435,rubber toughened; increased flexibility and peel strength; enhanced shock resistance,1946.2,0
71,90,What is the removal torque for LOCTITE 567 on 3/8 NPT steel pipe tees and plugs?,"The removal torque for LOCTITE 567 on 3/8 NPT steel pipe tees and plugs, pre-torqued to 27 N·m, is 50 N·m (445 lb.in).",,567,thread sealing; metal tapered threads and fittings; high lubricating properties,1981.4,1
72,91,What bond gap can LOCTITE 620 approach?,LOCTITE 620 can approach bond gaps of 0.2 mm.,,620,retaining; cylindrical fitting parts; bond gaps up to 0.2 mm,1908.1,1
73,92,What is the compressive shear strength of LOCTITE 680 on steel pins and collars after 24 hours?,"The compressive shear strength of LOCTITE 680 on steel pins and collars after 24 hours is ≥19.3 N/mm² (≥2,800 psi).",,680,retaining; cylindrical fitting parts; low viscosity required,1948.5,1
74,93,What UV wavelength cures LOCTITE AA 352?,The context does not provide the specific UV wavelength required to cure LOCTITE AA 352.,,AA 352,UV light cure; bonding coating or sealing; metal and glass components,1534.5,0
75,95,Which products are black cyanoacrylate adhesives?,"The products that are black cyanoacrylate adhesives are LOCTITE-426, LOCTITE-410, and LOCTITE-380.",,380; 410; 426,rubber toughened; increased flexibility; enhanced shock resistance; increased flexibility and peel strength; enhanced resistance to shock; adhesive gel; toughened with elastomers; impact and peel strength,2456.5,1
76,96,Which product has NSF 61 potable water certification?,Both LOCTITE-680 and LOCTITE-567 have NSF 61 potable water certification.,,567; 680,thread sealing; metal tapered threads and fittings; high lubricating properties; retaining; cylindrical fitting parts; low viscosity required,614.9,1
77,97,Which product has high lubricating properties for pipe threads?,LOCTITE® 567™ has high lubricating properties for pipe threads.,,567,thread sealing; metal tapered threads and fittings; high lubricating properties,1947.0,1
78,98,Which Loctite products mention Activator SF 7471 or SF 7649 improving cure speed?,"The Loctite products that mention Activator SF 7471 or SF 7649 improving cure speed are:

1. LOCTITE-277
2. LOCTITE-242
",,222MS; 242; 243; 262; 263; 268; 277; 620; 680,low strength; easy disassembly with standard hand tools; threadlocking; medium strength; normal disassembly with hand tools; oil tolerance; works on passive substrates; medium to high strength; permanent locking; large bolts and studs up to M25; high strength; heavy duty applications; stick applicator; wax-like semi-solid; large bolts and studs M25 and larger; retaining; cylindrical fitting parts; bond gaps up to 0.2 mm; low viscosity required,1022.8,0
