id,question,expected_table,predicted_table,generated_sql,expected_result,generated_result,latency,answerable,router_mode,Databricks_result,Baseline_result
1,What are the sum of revenue of top 3 selling Loctite adhesives?,loctite_sales_data,loctite_sales_data,"SELECT SUM(Revenue) AS Total_Revenue FROM ( SELECT Product_Name, SUM(Revenue) AS Revenue FROM chatbot_mw.default.loctite_sales_data WHERE Product_Name = 'Loctite 243 Threadlocker' GROUP BY Product_Name ORDER BY Revenue DESC LIMIT 3 ) AS Top_Products",538136.25,538136.25,2796.9,TRUE,Text2SQL,Failed,239721.51
2,How many Loctite products have inventory below 100 units?,loctite_inventory_tracker,loctite_inventory_tracker,SELECT COUNT(*) AS num_products_below_100_units FROM chatbot_mw.default.loctite_inventory_tracker WHERE LOWER(Category) LIKE LOWER('%loctite%') AND Stock_On_Hand < 100,2,2,1765.8,TRUE,Text2SQL,Succeeded,75
3,Show total sales for LOCTITE 243.,loctite_sales_data,loctite_sales_data,SELECT SUM(Revenue) AS Total_Sales FROM chatbot_mw.default.loctite_sales_data WHERE Product_Name = 'Loctite 243 Threadlocker',107631.45,107631.45,2783.7,TRUE,Text2SQL,Failed,107631.45
4,Which supplier provides LOCTITE 401?,loctite_supplier_table,loctite_supplier_table,SELECT s.Supplier_Name FROM chatbot_mw.default.loctite_supplier_table s JOIN chatbot_mw.default.loctite_inventory_tracker i ON s.Supplier_ID = i.Supplier_ID WHERE LOWER(i.Item_Name) LIKE LOWER('%loctite 401%'),Henkel Electronics Materials Asia,Henkel Electronics Materials Asia,2030.1,FALSE,Text2SQL,Failed,NA
5,What is the budget allocated for PRJ-001?,loctite_project_budget,loctite_project_budget,SELECT Budget_USD FROM chatbot_mw.default.loctite_project_budget WHERE Project_ID = 'PRJ-001',5000000,5000000,3350.6,TRUE,Text2SQL,Failed,NA
6,What are the sales of LOCTITE 999?,loctite_sales_data,loctite_sales_data,SELECT SUM(Revenue) AS Total_Sales FROM chatbot_mw.default.loctite_sales_data WHERE Product_Name LIKE '%loctite%',NA,NA,2011.8,TRUE,Text2SQL,NA,NA
7,Which supplier provides LOCTITE SuperBond X?,loctite_supplier_table,loctite_supplier_table,SELECT Supplier_Name FROM chatbot_mw.default.loctite_supplier_table WHERE Primary_Category = 'LOCTITE SuperBond X',NA,NA,1653.5,FALSE,Text2SQL,NA,NA
8,Show revenue for LOCTITE 401 in quantum computing segment.,loctite_sales_data,loctite_sales_data,SELECT SUM(Revenue) AS Total_Revenue FROM chatbot_mw.default.loctite_sales_data WHERE Product_Name LIKE '%Loctite 401%' AND Category LIKE '%quantum%',NA,NA,2551.7,FALSE,Text2SQL,NA,NA
9,List all columns in adhesive_performance table.,loctite_inventory_tracker,loctite_inventory_tracker,SHOW COLUMNS IN chatbot_mw.default.adhesive_performance,NA,NA,1812.9,FALSE,Text2SQL,NA,NA
10,Show curing time from sales_data.,loctite_sales_data,loctite_sales_data,NA,NA,NA,2557.9,FALSE,Text2SQL,NA,table
11,What is the revenue of LOCTITE 401 in North America?,loctite_sales_data,loctite_sales_data,What is the revenue of LOCTITE 401 in North America?,16291.27,16291.27,1622.9,TRUE,Text2SQL,Failed,NA
12,Which Loctite adhesives are used for aerospace and have high sales?,NA,NA,NA,NA,NA,2059.8,FALSE,Hybrid,NA,NA
13,Recommend a Loctite adhesive for metal bonding and show its inventory.,NA,NA,NA,NA,NA,2096.3,TRUE,Hybrid,NA,NA
14,What are the top-selling adhesives with lowest inventory?,"loctite_sales_data, loctite_inventory_tracker",loctite_inventory_tracker,"SELECT Product_Name, SUM(Units_Sold) AS Total_Units_Sold, MIN(Units_Sold) AS Lowest_Inventory FROM chatbot_mw.default.loctite_sales_data WHERE LOWER(Category) LIKE LOWER('%adhesives%') GROUP BY Product_Name ORDER BY Total_Units_Sold DESC, Lowest_Inventory ASC",Loctite 406 Instant Adhesive,Loctite 406 Instant Adhesive,2163.7,TRUE,Text2SQL,Succeeded,Loctite 401 Instant Adhesive 20g
15,Which supplier has the highest number of Loctite products?,"loctite_supplier_table, loctite_inventory_tracker","loctite_supplier_table, loctite_inventory_tracker","SELECT s.Supplier_Name, COUNT(i.Item_ID) AS Loctite_Product_Count FROM chatbot_mw.default.loctite_supplier_table s JOIN chatbot_mw.default.loctite_inventory_tracker i ON s.Supplier_ID = i.Supplier_ID WHERE LOWER(i.Item_Name) LIKE LOWER('%loctite%') GROUP BY s.Supplier_Name ORDER BY Loctite_Product_Count DESC LIMIT 1",Henkel Adhesive Technologies North America,Henkel Adhesive Technologies North America,2079.1,TRUE,Text2SQL,Succeeded,NA
16,What is the inventory of LOCTITE 9999?,loctite_inventory_tracker,loctite_inventory_tracker,NA,NA,NA,1745.5,FALSE,Text2SQL,NA,NA
17,Show me curing temperature from inventory_tracker.,loctite_inventory_tracker,loctite_inventory_tracker,NA,NA,NA,2181.8,FALSE,RAG,NA,NA
18,Which Loctite product has the highest customer satisfaction score?,NA,loctite_sales_data,NA,NA,NA,1158.4,FALSE,Text2SQL,NA,7599.99
19,Show sales for LOCTITE 243 in Mars region.,loctite_sales_data,loctite_sales_data,NA,NA,NA,1620.8,FALSE,Text2SQL,NA,NA
20,Compare LOCTITE 401 revenue with LOCTITE 243 revenue.,loctite_sales_data,loctite_sales_data,,49241.03,49241.03,1620,TRUE,Text2SQL,Failed,NA
21,How many projects whose inventory is under 200?,"loctite_inventory_tracker, loctite_project_budget",loctite_sales_data,SELECT COUNT(DISTINCT Order_ID) AS Project_Count FROM chatbot_mw.default.loctite_sales_data WHERE Units_Sold < 200,78,78,1872.9,TRUE,Text2SQL,Failed,NA
22,How many Loctite adhesives products are suitable for threadlocker and have available inventory?,loctite_inventory_tracker,loctite_sales_data,SELECT COUNT(DISTINCT Product_ID) AS Suitable_Threadlocker_Products FROM chatbot_mw.default.loctite_sales_data WHERE LOWER(Product_Name) LIKE LOWER('%threadlocker%') AND LOWER(Product_Name) LIKE LOWER('%loctite%') AND Units_Sold > 0,3,2,2392.5,FALSE,Hybrid,Succeeded,NA
23,Generate revenue of LOCTITE 243 from 2022 to 2023.,loctite_inventory_tracker,loctite_inventory_tracker,SELECT SUM(Revenue) AS Total_Revenue FROM chatbot_mw.default.loctite_sales_data WHERE Product_Name = 'Loctite 243 Threadlocker' AND Order_Date BETWEEN '2022-01-01' AND '2023-12-31',48624.83,48624.83,1837,FALSE,Text2SQL,Failed,NA
24,Show profit generated by Emma Liu,loctite_sales_data,loctite_sales_data,SELECT SUM(Profit) AS Total_Profit FROM chatbot_mw.default.loctite_sales_data WHERE Salesperson = 'Emma Liu',116242.18,116242.18,2285.2,TRUE,Text2SQL,Failed,NA